SET DB_CLOSE_DELAY -1;        
;             
CREATE USER IF NOT EXISTS MYUAA SALT '36702021752ac95b' HASH '74daa3cfc54142f34943bae8fe8641da46540f851970f1d02b184805dbc07d2d' ADMIN;        
CREATE SEQUENCE PUBLIC.SYSTEM_SEQUENCE_7B682211_8F07_44F6_B6BB_81C5BD1CF82B START WITH 8 BELONGS_TO_TABLE;    
CREATE SEQUENCE PUBLIC.SYSTEM_SEQUENCE_0B2151E2_51CD_4631_AE93_8F01C89D2F47 START WITH 361 BELONGS_TO_TABLE;  
CREATE CACHED TABLE PUBLIC.DATABASECHANGELOGLOCK(
    ID INT NOT NULL,
    LOCKED BOOLEAN NOT NULL,
    LOCKGRANTED TIMESTAMP,
    LOCKEDBY VARCHAR(255)
);              
ALTER TABLE PUBLIC.DATABASECHANGELOGLOCK ADD CONSTRAINT PUBLIC.PK_DATABASECHANGELOGLOCK PRIMARY KEY(ID);      
-- 1 +/- SELECT COUNT(*) FROM PUBLIC.DATABASECHANGELOGLOCK;   
INSERT INTO PUBLIC.DATABASECHANGELOGLOCK(ID, LOCKED, LOCKGRANTED, LOCKEDBY) VALUES
(1, FALSE, NULL, NULL);   
CREATE CACHED TABLE PUBLIC.DATABASECHANGELOG(
    ID VARCHAR(255) NOT NULL,
    AUTHOR VARCHAR(255) NOT NULL,
    FILENAME VARCHAR(255) NOT NULL,
    DATEEXECUTED TIMESTAMP NOT NULL,
    ORDEREXECUTED INT NOT NULL,
    EXECTYPE VARCHAR(10) NOT NULL,
    MD5SUM VARCHAR(35),
    DESCRIPTION VARCHAR(255),
    COMMENTS VARCHAR(255),
    TAG VARCHAR(255),
    LIQUIBASE VARCHAR(20),
    CONTEXTS VARCHAR(255),
    LABELS VARCHAR(255),
    DEPLOYMENT_ID VARCHAR(10)
);               
-- 1 +/- SELECT COUNT(*) FROM PUBLIC.DATABASECHANGELOG;       
INSERT INTO PUBLIC.DATABASECHANGELOG(ID, AUTHOR, FILENAME, DATEEXECUTED, ORDEREXECUTED, EXECTYPE, MD5SUM, DESCRIPTION, COMMENTS, TAG, LIQUIBASE, CONTEXTS, LABELS, DEPLOYMENT_ID) VALUES
('00000000000001', 'jhipster', 'config/liquibase/changelog/00000000000000_initial_schema.xml', TIMESTAMP '2018-04-02 23:30:36.899', 1, 'EXECUTED', '7:b10e7bd1b2793b69531cd807677d7f94', 'createTable tableName=jhi_user; createIndex indexName=idx_user_login, tableName=jhi_user; createIndex indexName=idx_user_email, tableName=jhi_user; createTable tableName=jhi_authority; createTable tableName=jhi_user_authority; addPrimaryKey tableN...', '', NULL, '3.5.3', NULL, NULL, '2704636805');
CREATE CACHED TABLE PUBLIC.JHI_USER(
    ID BIGINT DEFAULT (NEXT VALUE FOR PUBLIC.SYSTEM_SEQUENCE_7B682211_8F07_44F6_B6BB_81C5BD1CF82B) NOT NULL NULL_TO_DEFAULT SEQUENCE PUBLIC.SYSTEM_SEQUENCE_7B682211_8F07_44F6_B6BB_81C5BD1CF82B,
    LOGIN VARCHAR(50) NOT NULL,
    PASSWORD_HASH VARCHAR(60),
    FIRST_NAME VARCHAR(50),
    LAST_NAME VARCHAR(50),
    EMAIL VARCHAR(100),
    IMAGE_URL VARCHAR(256),
    ACTIVATED BOOLEAN NOT NULL,
    LANG_KEY VARCHAR(6),
    ACTIVATION_KEY VARCHAR(20),
    RESET_KEY VARCHAR(20),
    CREATED_BY VARCHAR(50) NOT NULL,
    CREATED_DATE TIMESTAMP DEFAULT NULL NOT NULL,
    RESET_DATE TIMESTAMP,
    LAST_MODIFIED_BY VARCHAR(50),
    LAST_MODIFIED_DATE TIMESTAMP
);  
ALTER TABLE PUBLIC.JHI_USER ADD CONSTRAINT PUBLIC.PK_JHI_USER PRIMARY KEY(ID);
-- 5 +/- SELECT COUNT(*) FROM PUBLIC.JHI_USER;
INSERT INTO PUBLIC.JHI_USER(ID, LOGIN, PASSWORD_HASH, FIRST_NAME, LAST_NAME, EMAIL, IMAGE_URL, ACTIVATED, LANG_KEY, ACTIVATION_KEY, RESET_KEY, CREATED_BY, CREATED_DATE, RESET_DATE, LAST_MODIFIED_BY, LAST_MODIFIED_DATE) VALUES
(1, 'system', '$2a$10$mE.qmcV0mFU5NcKh73TZx.z4ueI/.bDWbj0T1BYyqP481kGGarKLG', 'System', 'System', 'system@localhost', '', TRUE, 'en', NULL, NULL, 'system', TIMESTAMP '2018-04-02 23:30:36.873', NULL, 'system', NULL),
(2, 'anonymoususer', '$2a$10$j8S5d7Sr7.8VTOYNviDPOeWX8KcYILUVJBsYV83Y5NtECayypx9lO', 'Anonymous', 'User', 'anonymous@localhost', '', TRUE, 'en', NULL, NULL, 'system', TIMESTAMP '2018-04-02 23:30:36.873', NULL, 'system', NULL),
(3, 'admin', '$2a$10$gSAhZrxMllrbgj/kkK9UceBPpChGWJA7SYIb1Mqo.n5aNLq1/oRrC', 'Administrator', 'Administrator', 'admin@localhost', '', TRUE, 'en', NULL, NULL, 'system', TIMESTAMP '2018-04-02 23:30:36.873', NULL, 'system', NULL),
(4, 'user', '$2a$10$VEjxo0jq2YG9Rbk2HmX9S.k1uZBGYUHdUcid3g/vfiEl7lwWgOH/K', 'User', 'User', 'user@localhost', '', TRUE, 'en', NULL, NULL, 'system', TIMESTAMP '2018-04-02 23:30:36.873', NULL, 'system', NULL),
(7, 'gkwmember', '$2a$10$v5ymaeQ4CtpuogX7emGR6u1Z3w6k7OFjVquOEs/epBzm279VqjzXO', NULL, NULL, 'gkwmember@gmail.com', NULL, TRUE, 'en', '17810744266507148003', NULL, 'anonymousUser', TIMESTAMP '2018-04-22 00:42:39.931', NULL, 'anonymousUser', TIMESTAMP '2018-04-22 00:42:39.931');  
CREATE UNIQUE INDEX PUBLIC.IDX_USER_LOGIN ON PUBLIC.JHI_USER(LOGIN);          
CREATE UNIQUE INDEX PUBLIC.IDX_USER_EMAIL ON PUBLIC.JHI_USER(EMAIL);          
CREATE CACHED TABLE PUBLIC.JHI_AUTHORITY(
    NAME VARCHAR(50) NOT NULL
);  
ALTER TABLE PUBLIC.JHI_AUTHORITY ADD CONSTRAINT PUBLIC.PK_JHI_AUTHORITY PRIMARY KEY(NAME);    
-- 4 +/- SELECT COUNT(*) FROM PUBLIC.JHI_AUTHORITY;           
INSERT INTO PUBLIC.JHI_AUTHORITY(NAME) VALUES
('ROLE_ADMIN'),
('ROLE_USER'),
('ROLE_GKW_MEMBER'),
('ROLE_GKW_LEADER');    
CREATE CACHED TABLE PUBLIC.JHI_USER_AUTHORITY(
    USER_ID BIGINT NOT NULL,
    AUTHORITY_NAME VARCHAR(50) NOT NULL
);     
ALTER TABLE PUBLIC.JHI_USER_AUTHORITY ADD CONSTRAINT PUBLIC.CONSTRAINT_E PRIMARY KEY(USER_ID, AUTHORITY_NAME);
-- 7 +/- SELECT COUNT(*) FROM PUBLIC.JHI_USER_AUTHORITY;      
INSERT INTO PUBLIC.JHI_USER_AUTHORITY(USER_ID, AUTHORITY_NAME) VALUES
(1, 'ROLE_ADMIN'),
(1, 'ROLE_USER'),
(3, 'ROLE_ADMIN'),
(3, 'ROLE_USER'),
(4, 'ROLE_USER'),
(7, 'ROLE_USER'),
(7, 'ROLE_GKW_MEMBER');            
CREATE CACHED TABLE PUBLIC.JHI_PERSISTENT_AUDIT_EVENT(
    EVENT_ID BIGINT DEFAULT (NEXT VALUE FOR PUBLIC.SYSTEM_SEQUENCE_0B2151E2_51CD_4631_AE93_8F01C89D2F47) NOT NULL NULL_TO_DEFAULT SEQUENCE PUBLIC.SYSTEM_SEQUENCE_0B2151E2_51CD_4631_AE93_8F01C89D2F47,
    PRINCIPAL VARCHAR(50) NOT NULL,
    EVENT_DATE TIMESTAMP,
    EVENT_TYPE VARCHAR(255)
);              
ALTER TABLE PUBLIC.JHI_PERSISTENT_AUDIT_EVENT ADD CONSTRAINT PUBLIC.PK_JHI_PERSISTENT_AUDIT_EVENT PRIMARY KEY(EVENT_ID);      
-- 175 +/- SELECT COUNT(*) FROM PUBLIC.JHI_PERSISTENT_AUDIT_EVENT;            
INSERT INTO PUBLIC.JHI_PERSISTENT_AUDIT_EVENT(EVENT_ID, PRINCIPAL, EVENT_DATE, EVENT_TYPE) VALUES
(1, 'admin', TIMESTAMP '2018-04-03 18:00:44.281', 'AUTHENTICATION_SUCCESS'),
(33, 'admin', TIMESTAMP '2018-04-03 18:24:13.307', 'AUTHENTICATION_SUCCESS'),
(34, 'admin', TIMESTAMP '2018-04-03 18:36:18.089', 'AUTHENTICATION_SUCCESS'),
(35, 'admin', TIMESTAMP '2018-04-03 19:17:05.896', 'AUTHENTICATION_SUCCESS'),
(67, 'admin', TIMESTAMP '2018-04-03 19:37:47.27', 'AUTHENTICATION_SUCCESS'),
(99, 'admin', TIMESTAMP '2018-04-05 17:30:00.53', 'AUTHENTICATION_SUCCESS'),
(100, 'admin', TIMESTAMP '2018-04-05 17:33:56.969', 'AUTHENTICATION_SUCCESS'),
(101, 'admin', TIMESTAMP '2018-04-05 17:35:25.732', 'AUTHENTICATION_SUCCESS'),
(102, 'admin', TIMESTAMP '2018-04-05 17:36:02.65', 'AUTHENTICATION_SUCCESS'),
(103, 'admin', TIMESTAMP '2018-04-05 17:36:52.561', 'AUTHENTICATION_SUCCESS'),
(104, 'admin', TIMESTAMP '2018-04-05 17:37:30.36', 'AUTHENTICATION_SUCCESS'),
(131, 'admin', TIMESTAMP '2018-04-07 00:44:44.86', 'AUTHENTICATION_SUCCESS'),
(132, 'admin', TIMESTAMP '2018-04-08 15:13:43.434', 'AUTHENTICATION_SUCCESS'),
(164, 'admin', TIMESTAMP '2018-04-08 15:29:58.009', 'AUTHENTICATION_SUCCESS'),
(196, 'admin', TIMESTAMP '2018-04-08 15:44:35.059', 'AUTHENTICATION_SUCCESS'),
(197, 'admin', TIMESTAMP '2018-04-08 15:44:51.074', 'AUTHENTICATION_SUCCESS'),
(198, 'admin', TIMESTAMP '2018-04-08 16:57:41.811', 'AUTHENTICATION_SUCCESS'),
(199, 'admin', TIMESTAMP '2018-04-08 16:58:46.165', 'AUTHENTICATION_SUCCESS'),
(200, 'admin', TIMESTAMP '2018-04-08 16:59:09.308', 'AUTHENTICATION_SUCCESS'),
(201, 'admin', TIMESTAMP '2018-04-08 17:10:33.466', 'AUTHENTICATION_SUCCESS'),
(202, 'admin', TIMESTAMP '2018-04-08 17:11:06.495', 'AUTHENTICATION_SUCCESS'),
(203, 'admin', TIMESTAMP '2018-04-08 17:11:55.917', 'AUTHENTICATION_SUCCESS'),
(204, 'admin', TIMESTAMP '2018-04-08 17:12:10.11', 'AUTHENTICATION_SUCCESS'),
(205, 'admin', TIMESTAMP '2018-04-08 17:24:50.497', 'AUTHENTICATION_SUCCESS'),
(206, 'admin', TIMESTAMP '2018-04-08 17:25:48.554', 'AUTHENTICATION_SUCCESS'),
(207, 'admin', TIMESTAMP '2018-04-08 17:26:17.668', 'AUTHENTICATION_SUCCESS'),
(208, 'admin', TIMESTAMP '2018-04-08 17:27:32.57', 'AUTHENTICATION_SUCCESS'),
(209, 'admin', TIMESTAMP '2018-04-08 17:28:46.126', 'AUTHENTICATION_SUCCESS'),
(210, 'admin', TIMESTAMP '2018-04-08 17:29:07.896', 'AUTHENTICATION_SUCCESS'),
(211, 'admin', TIMESTAMP '2018-04-08 17:32:36.228', 'AUTHENTICATION_SUCCESS'),
(212, 'admin', TIMESTAMP '2018-04-08 17:32:58.098', 'AUTHENTICATION_SUCCESS'),
(213, 'admin', TIMESTAMP '2018-04-08 17:33:51.808', 'AUTHENTICATION_SUCCESS'),
(214, 'admin', TIMESTAMP '2018-04-08 17:34:13.566', 'AUTHENTICATION_SUCCESS'),
(215, 'admin', TIMESTAMP '2018-04-08 17:35:11.377', 'AUTHENTICATION_SUCCESS'),
(216, 'admin', TIMESTAMP '2018-04-08 17:35:47.522', 'AUTHENTICATION_SUCCESS'),
(217, 'admin', TIMESTAMP '2018-04-08 17:36:53.892', 'AUTHENTICATION_SUCCESS'),
(218, 'admin', TIMESTAMP '2018-04-08 17:37:58.691', 'AUTHENTICATION_SUCCESS'),
(219, 'admin', TIMESTAMP '2018-04-08 17:58:38.182', 'AUTHENTICATION_SUCCESS'),
(220, 'admin', TIMESTAMP '2018-04-08 17:59:02.413', 'AUTHENTICATION_SUCCESS'),
(221, 'admin', TIMESTAMP '2018-04-08 18:00:18.969', 'AUTHENTICATION_SUCCESS'),
(222, 'admin', TIMESTAMP '2018-04-08 18:01:39.108', 'AUTHENTICATION_SUCCESS'),
(223, 'admin', TIMESTAMP '2018-04-08 18:02:49.702', 'AUTHENTICATION_SUCCESS'),
(228, 'admin', TIMESTAMP '2018-04-10 18:10:41.669', 'AUTHENTICATION_SUCCESS'),
(229, 'admin', TIMESTAMP '2018-04-10 18:11:03.738', 'AUTHENTICATION_SUCCESS'),
(230, 'admin', TIMESTAMP '2018-04-10 18:12:40.641', 'AUTHENTICATION_SUCCESS'),
(231, 'admin', TIMESTAMP '2018-04-10 18:13:28.048', 'AUTHENTICATION_SUCCESS'),
(232, 'admin', TIMESTAMP '2018-04-10 18:13:42.119', 'AUTHENTICATION_SUCCESS'),
(233, 'admin', TIMESTAMP '2018-04-10 18:49:29.598', 'AUTHENTICATION_SUCCESS'),
(234, 'admin', TIMESTAMP '2018-04-11 14:25:23.46', 'AUTHENTICATION_SUCCESS'),
(235, 'admin', TIMESTAMP '2018-04-13 16:36:20.036', 'AUTHENTICATION_SUCCESS'),
(236, 'admin', TIMESTAMP '2018-04-13 16:37:31.76', 'AUTHENTICATION_SUCCESS');             
INSERT INTO PUBLIC.JHI_PERSISTENT_AUDIT_EVENT(EVENT_ID, PRINCIPAL, EVENT_DATE, EVENT_TYPE) VALUES
(237, 'admin', TIMESTAMP '2018-04-13 16:38:07.413', 'AUTHENTICATION_SUCCESS'),
(238, 'admin', TIMESTAMP '2018-04-13 16:38:16.246', 'AUTHENTICATION_SUCCESS'),
(239, 'admin', TIMESTAMP '2018-04-13 16:40:26.181', 'AUTHENTICATION_SUCCESS'),
(240, 'admin', TIMESTAMP '2018-04-13 16:42:50.696', 'AUTHENTICATION_SUCCESS'),
(241, 'admin', TIMESTAMP '2018-04-13 16:43:14.121', 'AUTHENTICATION_SUCCESS'),
(242, 'admin', TIMESTAMP '2018-04-13 16:43:33.899', 'AUTHENTICATION_SUCCESS'),
(243, 'admin', TIMESTAMP '2018-04-13 16:43:44.839', 'AUTHENTICATION_SUCCESS'),
(244, 'admin', TIMESTAMP '2018-04-13 16:44:17.595', 'AUTHENTICATION_SUCCESS'),
(245, 'admin', TIMESTAMP '2018-04-13 16:44:46.482', 'AUTHENTICATION_SUCCESS'),
(246, 'admin', TIMESTAMP '2018-04-13 16:45:00.818', 'AUTHENTICATION_SUCCESS'),
(247, 'admin', TIMESTAMP '2018-04-13 16:45:31.793', 'AUTHENTICATION_SUCCESS'),
(248, 'admin', TIMESTAMP '2018-04-13 17:00:20.625', 'AUTHENTICATION_SUCCESS'),
(249, 'admin', TIMESTAMP '2018-04-13 17:11:01.908', 'AUTHENTICATION_SUCCESS'),
(250, 'admin', TIMESTAMP '2018-04-13 17:12:02.131', 'AUTHENTICATION_SUCCESS'),
(251, 'gkwmember', TIMESTAMP '2018-04-13 17:20:22.034', 'AUTHENTICATION_SUCCESS'),
(252, 'gkwmember', TIMESTAMP '2018-04-13 17:21:21.636', 'AUTHENTICATION_SUCCESS'),
(253, 'gkwmember', TIMESTAMP '2018-04-13 17:22:16.046', 'AUTHENTICATION_SUCCESS'),
(254, 'gkwmember', TIMESTAMP '2018-04-13 17:22:36.746', 'AUTHENTICATION_SUCCESS'),
(255, 'gkwmember', TIMESTAMP '2018-04-13 18:01:50.284', 'AUTHENTICATION_SUCCESS'),
(256, 'gkwmember', TIMESTAMP '2018-04-13 18:01:55.131', 'AUTHENTICATION_SUCCESS'),
(257, 'gkwmember', TIMESTAMP '2018-04-13 18:02:15.512', 'AUTHENTICATION_SUCCESS'),
(258, 'gkwmember', TIMESTAMP '2018-04-13 18:15:52.006', 'AUTHENTICATION_SUCCESS'),
(259, 'gkwmember', TIMESTAMP '2018-04-13 18:17:50.415', 'AUTHENTICATION_SUCCESS'),
(260, 'gkwmember', TIMESTAMP '2018-04-13 18:18:24.472', 'AUTHENTICATION_SUCCESS'),
(261, 'gkwmember', TIMESTAMP '2018-04-13 18:18:51.073', 'AUTHENTICATION_SUCCESS'),
(262, 'gkwmember', TIMESTAMP '2018-04-13 18:19:24.204', 'AUTHENTICATION_SUCCESS'),
(263, 'gkwmember', TIMESTAMP '2018-04-13 18:19:51.386', 'AUTHENTICATION_SUCCESS'),
(264, 'gkwmember', TIMESTAMP '2018-04-13 18:20:47.288', 'AUTHENTICATION_SUCCESS'),
(265, 'gkwmember', TIMESTAMP '2018-04-13 18:20:57.56', 'AUTHENTICATION_SUCCESS'),
(266, 'gkwmember', TIMESTAMP '2018-04-13 18:21:40.755', 'AUTHENTICATION_SUCCESS'),
(267, 'gkwmember', TIMESTAMP '2018-04-13 18:24:11.466', 'AUTHENTICATION_SUCCESS'),
(268, 'gkwmember', TIMESTAMP '2018-04-13 18:24:36.201', 'AUTHENTICATION_SUCCESS'),
(269, 'gkwmember', TIMESTAMP '2018-04-13 18:27:07.387', 'AUTHENTICATION_SUCCESS'),
(270, 'gkwmember', TIMESTAMP '2018-04-13 18:27:45.673', 'AUTHENTICATION_SUCCESS'),
(271, 'gkwmember', TIMESTAMP '2018-04-13 18:28:33.795', 'AUTHENTICATION_SUCCESS'),
(272, 'gkwmember', TIMESTAMP '2018-04-13 18:28:55.413', 'AUTHENTICATION_SUCCESS'),
(273, 'gkwmember', TIMESTAMP '2018-04-13 18:41:26.367', 'AUTHENTICATION_SUCCESS'),
(274, 'gkwmember', TIMESTAMP '2018-04-13 18:42:08.01', 'AUTHENTICATION_SUCCESS'),
(275, 'gkwmember', TIMESTAMP '2018-04-13 18:44:19.615', 'AUTHENTICATION_SUCCESS'),
(276, 'gkwmember', TIMESTAMP '2018-04-13 18:47:56.987', 'AUTHENTICATION_SUCCESS'),
(277, 'gkwmember', TIMESTAMP '2018-04-13 18:48:32.359', 'AUTHENTICATION_SUCCESS'),
(278, 'gkwmember', TIMESTAMP '2018-04-13 18:49:46.687', 'AUTHENTICATION_SUCCESS'),
(279, 'gkwmember', TIMESTAMP '2018-04-13 18:56:35.054', 'AUTHENTICATION_SUCCESS'),
(280, 'gkwmember', TIMESTAMP '2018-04-13 18:58:22.073', 'AUTHENTICATION_SUCCESS'),
(281, 'gkwmember', TIMESTAMP '2018-04-13 18:58:54.419', 'AUTHENTICATION_SUCCESS'),
(282, 'gkwmember', TIMESTAMP '2018-04-13 19:03:06.299', 'AUTHENTICATION_SUCCESS'),
(283, 'gkwmember', TIMESTAMP '2018-04-13 19:07:02.464', 'AUTHENTICATION_SUCCESS'),
(284, 'gkwmember', TIMESTAMP '2018-04-13 19:08:44.123', 'AUTHENTICATION_SUCCESS'),
(285, 'gkwmember', TIMESTAMP '2018-04-13 19:09:28.673', 'AUTHENTICATION_SUCCESS');   
INSERT INTO PUBLIC.JHI_PERSISTENT_AUDIT_EVENT(EVENT_ID, PRINCIPAL, EVENT_DATE, EVENT_TYPE) VALUES
(286, 'gkwmember', TIMESTAMP '2018-04-13 19:09:37.086', 'AUTHENTICATION_SUCCESS'),
(287, 'admin', TIMESTAMP '2018-04-22 00:40:16.086', 'AUTHENTICATION_SUCCESS'),
(288, 'admin', TIMESTAMP '2018-04-22 00:40:19.793', 'AUTHENTICATION_SUCCESS'),
(289, 'gkwmember', TIMESTAMP '2018-04-22 00:44:32.681', 'AUTHENTICATION_SUCCESS'),
(290, 'gkwmember', TIMESTAMP '2018-04-22 00:51:01.692', 'AUTHENTICATION_SUCCESS'),
(291, 'gkwmember', TIMESTAMP '2018-04-22 00:54:44.004', 'AUTHENTICATION_SUCCESS'),
(292, 'gkwmember', TIMESTAMP '2018-04-22 00:55:15.275', 'AUTHENTICATION_SUCCESS'),
(293, 'gkwmember', TIMESTAMP '2018-04-22 00:57:02.799', 'AUTHENTICATION_SUCCESS'),
(294, 'gkwmember', TIMESTAMP '2018-04-22 00:58:08.973', 'AUTHENTICATION_SUCCESS'),
(295, 'gkwmember', TIMESTAMP '2018-04-22 00:59:17.684', 'AUTHENTICATION_SUCCESS'),
(296, 'gkwmember', TIMESTAMP '2018-04-22 00:59:47.956', 'AUTHENTICATION_SUCCESS'),
(297, 'gkwmember', TIMESTAMP '2018-04-22 01:01:00.702', 'AUTHENTICATION_SUCCESS'),
(298, 'gkwmember', TIMESTAMP '2018-04-22 01:01:32.878', 'AUTHENTICATION_SUCCESS'),
(299, 'gkwmember', TIMESTAMP '2018-04-22 01:02:42.272', 'AUTHENTICATION_SUCCESS'),
(300, 'gkwmember', TIMESTAMP '2018-04-22 01:04:18.957', 'AUTHENTICATION_SUCCESS'),
(301, 'gkwmember', TIMESTAMP '2018-04-22 01:04:51.37', 'AUTHENTICATION_SUCCESS'),
(302, 'gkwmember', TIMESTAMP '2018-04-22 01:10:33.671', 'AUTHENTICATION_SUCCESS'),
(303, 'gkwmember', TIMESTAMP '2018-04-22 01:20:31.08', 'AUTHENTICATION_SUCCESS'),
(304, 'gkwmember', TIMESTAMP '2018-04-22 18:43:08.693', 'AUTHENTICATION_SUCCESS'),
(305, 'gkwmember', TIMESTAMP '2018-04-22 18:43:24.128', 'AUTHENTICATION_SUCCESS'),
(306, 'gkwmember', TIMESTAMP '2018-04-22 18:49:49.544', 'AUTHENTICATION_SUCCESS'),
(307, 'gkwmember', TIMESTAMP '2018-04-22 18:50:19.441', 'AUTHENTICATION_SUCCESS'),
(308, 'gkwmember', TIMESTAMP '2018-04-22 18:50:42.776', 'AUTHENTICATION_SUCCESS'),
(309, 'gkwmember', TIMESTAMP '2018-04-22 18:51:10.956', 'AUTHENTICATION_SUCCESS'),
(310, 'gkwmember', TIMESTAMP '2018-04-22 18:54:29.609', 'AUTHENTICATION_SUCCESS'),
(311, 'gkwmember', TIMESTAMP '2018-04-22 18:56:49.048', 'AUTHENTICATION_SUCCESS'),
(312, 'gkwmember', TIMESTAMP '2018-04-22 18:57:56.294', 'AUTHENTICATION_SUCCESS'),
(313, 'gkwmember', TIMESTAMP '2018-04-22 19:04:42.595', 'AUTHENTICATION_SUCCESS'),
(314, 'gkwmember', TIMESTAMP '2018-04-22 19:06:34.556', 'AUTHENTICATION_SUCCESS'),
(315, 'gkwmember', TIMESTAMP '2018-04-22 19:20:56.102', 'AUTHENTICATION_SUCCESS'),
(316, 'gkwmember', TIMESTAMP '2018-04-22 19:23:45.594', 'AUTHENTICATION_SUCCESS'),
(317, 'gkwmember', TIMESTAMP '2018-04-22 19:27:17.071', 'AUTHENTICATION_SUCCESS'),
(318, 'gkwmember', TIMESTAMP '2018-04-22 19:27:31.137', 'AUTHENTICATION_SUCCESS'),
(319, 'gkwmember', TIMESTAMP '2018-04-22 19:37:23.008', 'AUTHENTICATION_SUCCESS'),
(320, 'gkwmember', TIMESTAMP '2018-04-22 19:37:54.868', 'AUTHENTICATION_SUCCESS'),
(321, 'gkwmember', TIMESTAMP '2018-04-22 19:44:10.086', 'AUTHENTICATION_SUCCESS'),
(322, 'gkwmember', TIMESTAMP '2018-04-22 19:44:57.778', 'AUTHENTICATION_SUCCESS'),
(323, 'gkwmember', TIMESTAMP '2018-04-22 19:48:31.384', 'AUTHENTICATION_SUCCESS'),
(324, 'gkwmember', TIMESTAMP '2018-04-22 19:49:01.958', 'AUTHENTICATION_SUCCESS'),
(325, 'gkwmember', TIMESTAMP '2018-04-22 19:49:45.562', 'AUTHENTICATION_SUCCESS'),
(326, 'gkwmember', TIMESTAMP '2018-04-22 19:49:58.125', 'AUTHENTICATION_SUCCESS'),
(327, 'gkwmember', TIMESTAMP '2018-04-22 20:11:56.84', 'AUTHENTICATION_SUCCESS'),
(328, 'gkwmember', TIMESTAMP '2018-04-22 20:12:11.81', 'AUTHENTICATION_SUCCESS'),
(329, 'gkwmember', TIMESTAMP '2018-04-22 20:13:58.034', 'AUTHENTICATION_SUCCESS'),
(330, 'gkwmember', TIMESTAMP '2018-04-22 20:14:30.422', 'AUTHENTICATION_SUCCESS'),
(331, 'gkwmember', TIMESTAMP '2018-04-22 20:18:21.858', 'AUTHENTICATION_SUCCESS'),
(332, 'gkwmember', TIMESTAMP '2018-04-22 20:19:28.843', 'AUTHENTICATION_SUCCESS'),
(333, 'gkwmember', TIMESTAMP '2018-04-22 20:19:53.438', 'AUTHENTICATION_SUCCESS'),
(334, 'gkwmember', TIMESTAMP '2018-04-22 20:20:34.879', 'AUTHENTICATION_SUCCESS');     
INSERT INTO PUBLIC.JHI_PERSISTENT_AUDIT_EVENT(EVENT_ID, PRINCIPAL, EVENT_DATE, EVENT_TYPE) VALUES
(335, 'gkwmember', TIMESTAMP '2018-04-22 20:21:17.585', 'AUTHENTICATION_SUCCESS'),
(336, 'gkwmember', TIMESTAMP '2018-04-22 20:23:20.21', 'AUTHENTICATION_SUCCESS'),
(337, 'gkwmember', TIMESTAMP '2018-04-22 20:25:06.248', 'AUTHENTICATION_SUCCESS'),
(338, 'gkwmember', TIMESTAMP '2018-04-22 20:25:38.271', 'AUTHENTICATION_SUCCESS'),
(339, 'gkwmember', TIMESTAMP '2018-04-22 20:28:02.835', 'AUTHENTICATION_SUCCESS'),
(340, 'gkwmember', TIMESTAMP '2018-04-22 20:28:29.563', 'AUTHENTICATION_SUCCESS'),
(341, 'gkwmember', TIMESTAMP '2018-04-22 20:28:54.082', 'AUTHENTICATION_SUCCESS'),
(342, 'gkwmember', TIMESTAMP '2018-04-22 20:33:34.663', 'AUTHENTICATION_SUCCESS'),
(343, 'gkwmember', TIMESTAMP '2018-04-22 20:33:50.901', 'AUTHENTICATION_SUCCESS'),
(344, 'gkwmember', TIMESTAMP '2018-04-22 20:34:26.02', 'AUTHENTICATION_SUCCESS'),
(345, 'gkwmember', TIMESTAMP '2018-04-22 20:35:15.736', 'AUTHENTICATION_SUCCESS'),
(346, 'gkwmember', TIMESTAMP '2018-04-22 20:35:38.674', 'AUTHENTICATION_SUCCESS'),
(347, 'gkwmember', TIMESTAMP '2018-04-22 20:36:32.879', 'AUTHENTICATION_SUCCESS'),
(348, 'gkwmember', TIMESTAMP '2018-04-22 20:37:11.06', 'AUTHENTICATION_SUCCESS'),
(349, 'gkwmember', TIMESTAMP '2018-04-22 20:37:23.645', 'AUTHENTICATION_SUCCESS'),
(350, 'gkwmember', TIMESTAMP '2018-04-22 20:37:40.102', 'AUTHENTICATION_SUCCESS'),
(351, 'gkwmember', TIMESTAMP '2018-04-22 20:41:04.378', 'AUTHENTICATION_SUCCESS'),
(352, 'gkwmember', TIMESTAMP '2018-04-22 20:41:58.546', 'AUTHENTICATION_SUCCESS'),
(353, 'gkwmember', TIMESTAMP '2018-04-22 20:42:58.424', 'AUTHENTICATION_SUCCESS'),
(354, 'gkwmember', TIMESTAMP '2018-04-22 20:43:16.154', 'AUTHENTICATION_SUCCESS'),
(355, 'gkwmember', TIMESTAMP '2018-04-22 20:43:54.595', 'AUTHENTICATION_SUCCESS'),
(356, 'gkwmember', TIMESTAMP '2018-04-22 20:44:20.15', 'AUTHENTICATION_SUCCESS'),
(357, 'gkwmember', TIMESTAMP '2018-04-22 20:44:34.858', 'AUTHENTICATION_SUCCESS'),
(358, 'gkwmember', TIMESTAMP '2018-04-22 20:44:58.267', 'AUTHENTICATION_SUCCESS'),
(359, 'gkwmember', TIMESTAMP '2018-04-22 20:46:21.066', 'AUTHENTICATION_SUCCESS'),
(360, 'gkwmember', TIMESTAMP '2018-04-22 20:46:48.249', 'AUTHENTICATION_SUCCESS');         
CREATE INDEX PUBLIC.IDX_PERSISTENT_AUDIT_EVENT ON PUBLIC.JHI_PERSISTENT_AUDIT_EVENT(PRINCIPAL, EVENT_DATE);   
CREATE CACHED TABLE PUBLIC.JHI_PERSISTENT_AUDIT_EVT_DATA(
    EVENT_ID BIGINT NOT NULL,
    NAME VARCHAR(150) NOT NULL,
    VALUE VARCHAR(255)
);         
ALTER TABLE PUBLIC.JHI_PERSISTENT_AUDIT_EVT_DATA ADD CONSTRAINT PUBLIC.CONSTRAINT_F PRIMARY KEY(EVENT_ID, NAME);              
-- 175 +/- SELECT COUNT(*) FROM PUBLIC.JHI_PERSISTENT_AUDIT_EVT_DATA;         
INSERT INTO PUBLIC.JHI_PERSISTENT_AUDIT_EVT_DATA(EVENT_ID, NAME, VALUE) VALUES
(1, 'details', 'remoteAddress=172.25.163.1, tokenType=BearertokenValue=<TOKEN>'),
(33, 'details', 'remoteAddress=172.25.163.1, tokenType=BearertokenValue=<TOKEN>'),
(34, 'details', 'remoteAddress=172.25.163.1, tokenType=BearertokenValue=<TOKEN>'),
(35, 'details', 'remoteAddress=172.25.163.1, tokenType=BearertokenValue=<TOKEN>'),
(67, 'details', 'remoteAddress=172.25.163.1, tokenType=BearertokenValue=<TOKEN>'),
(99, 'details', 'remoteAddress=172.25.163.1, tokenType=BearertokenValue=<TOKEN>'),
(100, 'details', 'remoteAddress=172.25.163.1, tokenType=BearertokenValue=<TOKEN>'),
(101, 'details', 'remoteAddress=172.25.163.1, tokenType=BearertokenValue=<TOKEN>'),
(102, 'details', 'remoteAddress=172.25.163.1, tokenType=BearertokenValue=<TOKEN>'),
(103, 'details', 'remoteAddress=172.25.163.1, tokenType=BearertokenValue=<TOKEN>'),
(104, 'details', 'remoteAddress=172.25.163.1, tokenType=BearertokenValue=<TOKEN>'),
(131, 'details', 'remoteAddress=172.25.163.1, tokenType=BearertokenValue=<TOKEN>'),
(132, 'details', 'remoteAddress=172.25.163.1, tokenType=BearertokenValue=<TOKEN>'),
(164, 'details', 'remoteAddress=172.25.163.1, tokenType=BearertokenValue=<TOKEN>'),
(196, 'details', 'remoteAddress=172.25.163.1, tokenType=BearertokenValue=<TOKEN>'),
(197, 'details', 'remoteAddress=172.25.163.1, tokenType=BearertokenValue=<TOKEN>'),
(198, 'details', 'remoteAddress=172.25.163.1, tokenType=BearertokenValue=<TOKEN>'),
(199, 'details', 'remoteAddress=172.25.163.1, tokenType=BearertokenValue=<TOKEN>'),
(200, 'details', 'remoteAddress=172.25.163.1, tokenType=BearertokenValue=<TOKEN>'),
(201, 'details', 'remoteAddress=172.25.163.1, tokenType=BearertokenValue=<TOKEN>'),
(202, 'details', 'remoteAddress=172.25.163.1, tokenType=BearertokenValue=<TOKEN>'),
(203, 'details', 'remoteAddress=172.25.163.1, tokenType=BearertokenValue=<TOKEN>'),
(204, 'details', 'remoteAddress=172.25.163.1, tokenType=BearertokenValue=<TOKEN>'),
(205, 'details', 'remoteAddress=172.25.163.1, tokenType=BearertokenValue=<TOKEN>'),
(206, 'details', 'remoteAddress=172.25.163.1, tokenType=BearertokenValue=<TOKEN>'),
(207, 'details', 'remoteAddress=172.25.163.1, tokenType=BearertokenValue=<TOKEN>'),
(208, 'details', 'remoteAddress=172.25.163.1, tokenType=BearertokenValue=<TOKEN>'),
(209, 'details', 'remoteAddress=172.25.163.1, tokenType=BearertokenValue=<TOKEN>'),
(210, 'details', 'remoteAddress=172.25.163.1, tokenType=BearertokenValue=<TOKEN>'),
(211, 'details', 'remoteAddress=172.25.163.1, tokenType=BearertokenValue=<TOKEN>'),
(212, 'details', 'remoteAddress=172.25.163.1, tokenType=BearertokenValue=<TOKEN>'),
(213, 'details', 'remoteAddress=172.25.163.1, tokenType=BearertokenValue=<TOKEN>'),
(214, 'details', 'remoteAddress=172.25.163.1, tokenType=BearertokenValue=<TOKEN>'),
(215, 'details', 'remoteAddress=172.25.163.1, tokenType=BearertokenValue=<TOKEN>'),
(216, 'details', 'remoteAddress=172.25.163.1, tokenType=BearertokenValue=<TOKEN>'),
(217, 'details', 'remoteAddress=172.25.163.1, tokenType=BearertokenValue=<TOKEN>'),
(218, 'details', 'remoteAddress=172.25.163.1, tokenType=BearertokenValue=<TOKEN>'),
(219, 'details', 'remoteAddress=172.25.163.1, tokenType=BearertokenValue=<TOKEN>'),
(220, 'details', 'remoteAddress=172.25.163.1, tokenType=BearertokenValue=<TOKEN>'),
(221, 'details', 'remoteAddress=172.25.163.1, tokenType=BearertokenValue=<TOKEN>'),
(222, 'details', 'remoteAddress=172.25.163.1, tokenType=BearertokenValue=<TOKEN>'),
(223, 'details', 'remoteAddress=172.25.163.1, tokenType=BearertokenValue=<TOKEN>'),
(228, 'details', 'remoteAddress=172.25.163.1, tokenType=BearertokenValue=<TOKEN>'),
(229, 'details', 'remoteAddress=172.25.163.1, tokenType=BearertokenValue=<TOKEN>'),
(230, 'details', 'remoteAddress=172.25.163.1, tokenType=BearertokenValue=<TOKEN>'),
(231, 'details', 'remoteAddress=172.25.163.1, tokenType=BearertokenValue=<TOKEN>'),
(232, 'details', 'remoteAddress=172.25.163.1, tokenType=BearertokenValue=<TOKEN>'),
(233, 'details', 'remoteAddress=172.25.163.1, tokenType=BearertokenValue=<TOKEN>');       
INSERT INTO PUBLIC.JHI_PERSISTENT_AUDIT_EVT_DATA(EVENT_ID, NAME, VALUE) VALUES
(234, 'details', 'remoteAddress=172.25.163.1, tokenType=BearertokenValue=<TOKEN>'),
(235, 'details', 'remoteAddress=172.25.163.1, tokenType=BearertokenValue=<TOKEN>'),
(236, 'details', 'remoteAddress=172.25.163.1, tokenType=BearertokenValue=<TOKEN>'),
(237, 'details', 'remoteAddress=172.25.163.1, tokenType=BearertokenValue=<TOKEN>'),
(238, 'details', 'remoteAddress=172.25.163.1, tokenType=BearertokenValue=<TOKEN>'),
(239, 'details', 'remoteAddress=172.25.163.1, tokenType=BearertokenValue=<TOKEN>'),
(240, 'details', 'remoteAddress=172.25.163.1, tokenType=BearertokenValue=<TOKEN>'),
(241, 'details', 'remoteAddress=172.25.163.1, tokenType=BearertokenValue=<TOKEN>'),
(242, 'details', 'remoteAddress=172.25.163.1, tokenType=BearertokenValue=<TOKEN>'),
(243, 'details', 'remoteAddress=172.25.163.1, tokenType=BearertokenValue=<TOKEN>'),
(244, 'details', 'remoteAddress=172.25.163.1, tokenType=BearertokenValue=<TOKEN>'),
(245, 'details', 'remoteAddress=172.25.163.1, tokenType=BearertokenValue=<TOKEN>'),
(246, 'details', 'remoteAddress=172.25.163.1, tokenType=BearertokenValue=<TOKEN>'),
(247, 'details', 'remoteAddress=172.25.163.1, tokenType=BearertokenValue=<TOKEN>'),
(248, 'details', 'remoteAddress=172.25.163.1, tokenType=BearertokenValue=<TOKEN>'),
(249, 'details', 'remoteAddress=172.25.163.1, tokenType=BearertokenValue=<TOKEN>'),
(250, 'details', 'remoteAddress=172.25.163.1, tokenType=BearertokenValue=<TOKEN>'),
(251, 'details', 'remoteAddress=172.25.163.1, tokenType=BearertokenValue=<TOKEN>'),
(252, 'details', 'remoteAddress=172.25.163.1, tokenType=BearertokenValue=<TOKEN>'),
(253, 'details', 'remoteAddress=172.25.163.1, tokenType=BearertokenValue=<TOKEN>'),
(254, 'details', 'remoteAddress=172.25.163.1, tokenType=BearertokenValue=<TOKEN>'),
(255, 'details', 'remoteAddress=172.25.163.1, tokenType=BearertokenValue=<TOKEN>'),
(256, 'details', 'remoteAddress=172.25.163.1, tokenType=BearertokenValue=<TOKEN>'),
(257, 'details', 'remoteAddress=172.25.163.1, tokenType=BearertokenValue=<TOKEN>'),
(258, 'details', 'remoteAddress=172.25.163.1, tokenType=BearertokenValue=<TOKEN>'),
(259, 'details', 'remoteAddress=172.25.163.1, tokenType=BearertokenValue=<TOKEN>'),
(260, 'details', 'remoteAddress=172.25.163.1, tokenType=BearertokenValue=<TOKEN>'),
(261, 'details', 'remoteAddress=172.25.163.1, tokenType=BearertokenValue=<TOKEN>'),
(262, 'details', 'remoteAddress=172.25.163.1, tokenType=BearertokenValue=<TOKEN>'),
(263, 'details', 'remoteAddress=172.25.163.1, tokenType=BearertokenValue=<TOKEN>'),
(264, 'details', 'remoteAddress=172.25.163.1, tokenType=BearertokenValue=<TOKEN>'),
(265, 'details', 'remoteAddress=172.25.163.1, tokenType=BearertokenValue=<TOKEN>'),
(266, 'details', 'remoteAddress=172.25.163.1, tokenType=BearertokenValue=<TOKEN>'),
(267, 'details', 'remoteAddress=172.25.163.1, tokenType=BearertokenValue=<TOKEN>'),
(268, 'details', 'remoteAddress=172.25.163.1, tokenType=BearertokenValue=<TOKEN>'),
(269, 'details', 'remoteAddress=172.25.163.1, tokenType=BearertokenValue=<TOKEN>'),
(270, 'details', 'remoteAddress=172.25.163.1, tokenType=BearertokenValue=<TOKEN>'),
(271, 'details', 'remoteAddress=172.25.163.1, tokenType=BearertokenValue=<TOKEN>'),
(272, 'details', 'remoteAddress=172.25.163.1, tokenType=BearertokenValue=<TOKEN>'),
(273, 'details', 'remoteAddress=172.25.163.1, tokenType=BearertokenValue=<TOKEN>'),
(274, 'details', 'remoteAddress=172.25.163.1, tokenType=BearertokenValue=<TOKEN>'),
(275, 'details', 'remoteAddress=172.25.163.1, tokenType=BearertokenValue=<TOKEN>'),
(276, 'details', 'remoteAddress=172.25.163.1, tokenType=BearertokenValue=<TOKEN>'),
(277, 'details', 'remoteAddress=172.25.163.1, tokenType=BearertokenValue=<TOKEN>'),
(278, 'details', 'remoteAddress=172.25.163.1, tokenType=BearertokenValue=<TOKEN>'),
(279, 'details', 'remoteAddress=172.25.163.1, tokenType=BearertokenValue=<TOKEN>'),
(280, 'details', 'remoteAddress=172.25.163.1, tokenType=BearertokenValue=<TOKEN>'),
(281, 'details', 'remoteAddress=172.25.163.1, tokenType=BearertokenValue=<TOKEN>');
INSERT INTO PUBLIC.JHI_PERSISTENT_AUDIT_EVT_DATA(EVENT_ID, NAME, VALUE) VALUES
(282, 'details', 'remoteAddress=172.25.163.1, tokenType=BearertokenValue=<TOKEN>'),
(283, 'details', 'remoteAddress=172.25.163.1, tokenType=BearertokenValue=<TOKEN>'),
(284, 'details', 'remoteAddress=172.25.163.1, tokenType=BearertokenValue=<TOKEN>'),
(285, 'details', 'remoteAddress=172.25.163.1, tokenType=BearertokenValue=<TOKEN>'),
(286, 'details', 'remoteAddress=172.25.163.1, tokenType=BearertokenValue=<TOKEN>'),
(287, 'details', 'remoteAddress=172.25.163.1, tokenType=BearertokenValue=<TOKEN>'),
(288, 'details', 'remoteAddress=172.25.163.1, tokenType=BearertokenValue=<TOKEN>'),
(289, 'details', 'remoteAddress=172.25.163.1, tokenType=BearertokenValue=<TOKEN>'),
(290, 'details', 'remoteAddress=172.25.163.1, tokenType=BearertokenValue=<TOKEN>'),
(291, 'details', 'remoteAddress=172.25.163.1, tokenType=BearertokenValue=<TOKEN>'),
(292, 'details', 'remoteAddress=172.25.163.1, tokenType=BearertokenValue=<TOKEN>'),
(293, 'details', 'remoteAddress=172.25.163.1, tokenType=BearertokenValue=<TOKEN>'),
(294, 'details', 'remoteAddress=172.25.163.1, tokenType=BearertokenValue=<TOKEN>'),
(295, 'details', 'remoteAddress=172.25.163.1, tokenType=BearertokenValue=<TOKEN>'),
(296, 'details', 'remoteAddress=172.25.163.1, tokenType=BearertokenValue=<TOKEN>'),
(297, 'details', 'remoteAddress=172.25.163.1, tokenType=BearertokenValue=<TOKEN>'),
(298, 'details', 'remoteAddress=172.25.163.1, tokenType=BearertokenValue=<TOKEN>'),
(299, 'details', 'remoteAddress=172.25.163.1, tokenType=BearertokenValue=<TOKEN>'),
(300, 'details', 'remoteAddress=172.25.163.1, tokenType=BearertokenValue=<TOKEN>'),
(301, 'details', 'remoteAddress=172.25.163.1, tokenType=BearertokenValue=<TOKEN>'),
(302, 'details', 'remoteAddress=172.25.163.1, tokenType=BearertokenValue=<TOKEN>'),
(303, 'details', 'remoteAddress=172.25.163.1, tokenType=BearertokenValue=<TOKEN>'),
(304, 'details', 'remoteAddress=172.25.163.1, tokenType=BearertokenValue=<TOKEN>'),
(305, 'details', 'remoteAddress=172.25.163.1, tokenType=BearertokenValue=<TOKEN>'),
(306, 'details', 'remoteAddress=172.25.163.1, tokenType=BearertokenValue=<TOKEN>'),
(307, 'details', 'remoteAddress=172.25.163.1, tokenType=BearertokenValue=<TOKEN>'),
(308, 'details', 'remoteAddress=172.25.163.1, tokenType=BearertokenValue=<TOKEN>'),
(309, 'details', 'remoteAddress=172.25.163.1, tokenType=BearertokenValue=<TOKEN>'),
(310, 'details', 'remoteAddress=172.25.163.1, tokenType=BearertokenValue=<TOKEN>'),
(311, 'details', 'remoteAddress=172.25.163.1, tokenType=BearertokenValue=<TOKEN>'),
(312, 'details', 'remoteAddress=172.25.163.1, tokenType=BearertokenValue=<TOKEN>'),
(313, 'details', 'remoteAddress=172.25.163.1, tokenType=BearertokenValue=<TOKEN>'),
(314, 'details', 'remoteAddress=172.25.163.1, tokenType=BearertokenValue=<TOKEN>'),
(315, 'details', 'remoteAddress=172.25.163.1, tokenType=BearertokenValue=<TOKEN>'),
(316, 'details', 'remoteAddress=172.25.163.1, tokenType=BearertokenValue=<TOKEN>'),
(317, 'details', 'remoteAddress=172.25.163.1, tokenType=BearertokenValue=<TOKEN>'),
(318, 'details', 'remoteAddress=172.25.163.1, tokenType=BearertokenValue=<TOKEN>'),
(319, 'details', 'remoteAddress=172.25.163.1, tokenType=BearertokenValue=<TOKEN>'),
(320, 'details', 'remoteAddress=172.25.163.1, tokenType=BearertokenValue=<TOKEN>'),
(321, 'details', 'remoteAddress=172.25.163.1, tokenType=BearertokenValue=<TOKEN>'),
(322, 'details', 'remoteAddress=172.25.163.1, tokenType=BearertokenValue=<TOKEN>'),
(323, 'details', 'remoteAddress=172.25.163.1, tokenType=BearertokenValue=<TOKEN>'),
(324, 'details', 'remoteAddress=172.25.163.1, tokenType=BearertokenValue=<TOKEN>'),
(325, 'details', 'remoteAddress=172.25.163.1, tokenType=BearertokenValue=<TOKEN>'),
(326, 'details', 'remoteAddress=172.25.163.1, tokenType=BearertokenValue=<TOKEN>'),
(327, 'details', 'remoteAddress=172.25.163.1, tokenType=BearertokenValue=<TOKEN>'),
(328, 'details', 'remoteAddress=172.25.163.1, tokenType=BearertokenValue=<TOKEN>'),
(329, 'details', 'remoteAddress=172.25.163.1, tokenType=BearertokenValue=<TOKEN>');
INSERT INTO PUBLIC.JHI_PERSISTENT_AUDIT_EVT_DATA(EVENT_ID, NAME, VALUE) VALUES
(330, 'details', 'remoteAddress=172.25.163.1, tokenType=BearertokenValue=<TOKEN>'),
(331, 'details', 'remoteAddress=172.25.163.1, tokenType=BearertokenValue=<TOKEN>'),
(332, 'details', 'remoteAddress=172.25.163.1, tokenType=BearertokenValue=<TOKEN>'),
(333, 'details', 'remoteAddress=172.25.163.1, tokenType=BearertokenValue=<TOKEN>'),
(334, 'details', 'remoteAddress=172.25.163.1, tokenType=BearertokenValue=<TOKEN>'),
(335, 'details', 'remoteAddress=172.25.163.1, tokenType=BearertokenValue=<TOKEN>'),
(336, 'details', 'remoteAddress=172.25.163.1, tokenType=BearertokenValue=<TOKEN>'),
(337, 'details', 'remoteAddress=172.25.163.1, tokenType=BearertokenValue=<TOKEN>'),
(338, 'details', 'remoteAddress=172.25.163.1, tokenType=BearertokenValue=<TOKEN>'),
(339, 'details', 'remoteAddress=172.25.163.1, tokenType=BearertokenValue=<TOKEN>'),
(340, 'details', 'remoteAddress=172.25.163.1, tokenType=BearertokenValue=<TOKEN>'),
(341, 'details', 'remoteAddress=172.25.163.1, tokenType=BearertokenValue=<TOKEN>'),
(342, 'details', 'remoteAddress=172.25.163.1, tokenType=BearertokenValue=<TOKEN>'),
(343, 'details', 'remoteAddress=172.25.163.1, tokenType=BearertokenValue=<TOKEN>'),
(344, 'details', 'remoteAddress=172.25.163.1, tokenType=BearertokenValue=<TOKEN>'),
(345, 'details', 'remoteAddress=172.25.163.1, tokenType=BearertokenValue=<TOKEN>'),
(346, 'details', 'remoteAddress=172.25.163.1, tokenType=BearertokenValue=<TOKEN>'),
(347, 'details', 'remoteAddress=172.25.163.1, tokenType=BearertokenValue=<TOKEN>'),
(348, 'details', 'remoteAddress=172.25.163.1, tokenType=BearertokenValue=<TOKEN>'),
(349, 'details', 'remoteAddress=172.25.163.1, tokenType=BearertokenValue=<TOKEN>'),
(350, 'details', 'remoteAddress=172.25.163.1, tokenType=BearertokenValue=<TOKEN>'),
(351, 'details', 'remoteAddress=172.25.163.1, tokenType=BearertokenValue=<TOKEN>'),
(352, 'details', 'remoteAddress=172.25.163.1, tokenType=BearertokenValue=<TOKEN>'),
(353, 'details', 'remoteAddress=172.25.163.1, tokenType=BearertokenValue=<TOKEN>'),
(354, 'details', 'remoteAddress=172.25.163.1, tokenType=BearertokenValue=<TOKEN>'),
(355, 'details', 'remoteAddress=172.25.163.1, tokenType=BearertokenValue=<TOKEN>'),
(356, 'details', 'remoteAddress=172.25.163.1, tokenType=BearertokenValue=<TOKEN>'),
(357, 'details', 'remoteAddress=172.25.163.1, tokenType=BearertokenValue=<TOKEN>'),
(358, 'details', 'remoteAddress=172.25.163.1, tokenType=BearertokenValue=<TOKEN>'),
(359, 'details', 'remoteAddress=172.25.163.1, tokenType=BearertokenValue=<TOKEN>'),
(360, 'details', 'remoteAddress=172.25.163.1, tokenType=BearertokenValue=<TOKEN>');     
CREATE INDEX PUBLIC.IDX_PERSISTENT_AUDIT_EVT_DATA ON PUBLIC.JHI_PERSISTENT_AUDIT_EVT_DATA(EVENT_ID);          
ALTER TABLE PUBLIC.JHI_USER ADD CONSTRAINT PUBLIC.UX_USER_LOGIN UNIQUE(LOGIN);
ALTER TABLE PUBLIC.JHI_USER ADD CONSTRAINT PUBLIC.UX_USER_EMAIL UNIQUE(EMAIL);
ALTER TABLE PUBLIC.JHI_USER_AUTHORITY ADD CONSTRAINT PUBLIC.FK_USER_ID FOREIGN KEY(USER_ID) REFERENCES PUBLIC.JHI_USER(ID) NOCHECK;           
ALTER TABLE PUBLIC.JHI_PERSISTENT_AUDIT_EVT_DATA ADD CONSTRAINT PUBLIC.FK_EVT_PERS_AUDIT_EVT_DATA FOREIGN KEY(EVENT_ID) REFERENCES PUBLIC.JHI_PERSISTENT_AUDIT_EVENT(EVENT_ID) NOCHECK;       
ALTER TABLE PUBLIC.JHI_USER_AUTHORITY ADD CONSTRAINT PUBLIC.FK_AUTHORITY_NAME FOREIGN KEY(AUTHORITY_NAME) REFERENCES PUBLIC.JHI_AUTHORITY(NAME) NOCHECK;      
